"id","tags"
"1","soccer control"
"2","control rcservo"
"3","gait walk"
"4","microcontroller arduino raspberry-pi"
"5","motion-planning rrt"
"6","software platform"
"11","software circuit"
"18","odometry localization kalman-filter"
"19","untagged"
"20","soccer mechanism"
"23","computer-vision wheeled-robot"
"25","quadcopter"
"26","servos"
"37","localization mobile-robot"
"39","kinect input"
"42","wheel"
"43","control gyroscope balance two-wheeled"
"44","design underwater auv"
"46","underwater battery auv"
"48","electronics protection"
"49","localization gps"
"53","slam localization gps mapping acoustic-rangefinder"
"55","servos heat-management cooling"
"57","sensors failure motor"
"60","two-wheeled stability"
"65","mobile-robot design movement wheel first-robotics"
"75","arduino logic-control stepper-motor stepper-driver"
"85","mobile-robot"
"88","servos mobile-robot stepper-motor"
"91","motor actuator noise"
"93","brushless-motor hall-sensor"
"94","software microcontroller"
"99","microcontroller avr interrupts"
"100","wiring"
"106","mobile-robot two-wheeled"
"112","mobile-robot errors"
"113","sensors noise"
"117","motion-planning artificial-intelligence planning"
"118","mindstorms nxt"
"119","mobile-robot design stability wheeled-robot"
"128","software platform real-time"
"131","software microcontroller i2c"
"138","research"
"142","mobile-robot industrial-robot"
"143","control motor force"
"146","reprap 3d-printing linear-bearing"
"148","kinect"
"150","motor underwater auv protection"
"154","microcontroller c"
"155","ros imu odometry gyroscope ugv"
"167","control pid tuning"
"172","localization gps sensors slam"
"178","artificial-intelligence"
"182","control pid air-muscle"
"184","research"
"205","actuator"
"209","slam"
"210","control pid automatic tuning"
"213","actuator"
"215","arduino microcontroller beginner"
"222","computer-vision"
"229","ros python"
"230","ros raspberry-pi wifi"
"231","stability quadcopter"
"235","design stability quadcopter"
"237","microcontroller serial rs232"
"249","sensors force-sensor"
"254","brushless-motor servomotor"
"255","uav kit"
"256","localization quadcopter gps"
"261","brushless-motor pwm"
"262","mobile-robot design dynamics"
"267","motor protection"
"271","sensors uav multi-agent"
"274","servos i2c"
"277","kalman-filter uav"
"284","mobile-robot robotic-arm actuator"
"287","software programming-languages"
"299","inverse-kinematics kinematics joint arm"
"301","control motion-planning"
"309","mobile-robot software two-wheeled robotc"
"317","control"
"323","mobile-robot software slam ros"
"327","arduino microcontroller machine-learning walking-robot"
"331","logic-control"
"338","control motion-planning tracks"
"341","failure reliability"
"342","errors"
"344","localization motion-planning industrial-robot inverse-kinematics kinematics"
"354","control research"
"358","motion-planning industrial-robot joint"
"359","localization kalman-filter"
"361","machine-learning artificial-intelligence reinforcement-learning line-following"
"369","inverse-kinematics reinforcement-learning machine-learning"
"380","software inverse-kinematics arm rs232"
"382","sensors kalman-filter sensor-fusion"
"390","imu sensor-fusion hri"
"397","books"
"403","ugv"
"405","sensors deduced-reckoning navigation accelerometer"
"413","microcontroller quadcopter radio-control"
"416","design servos power"
"419","software imu deduced-reckoning artificial-intelligence"
"431","inverse-kinematics programming-languages"
"433","mobile-robot localization computer-vision odometry"
"436","reinforcement-learning pwm"
"442","mobile-robot sensors"
"445","slam computer-vision"
"446","stepper-motor reprap"
"453","battery troubleshooting"
"461","control pid"
"463","brushless-motor driver"
"469","navigation"
"472","kit"
"474","rs232 usb"
"478","control stepper-motor tuning"
"479","localization particle-filter"
"483","mobile-robot electronics"
"488","mobile-robot software ros"
"494","nxt"
"497","mobile-robot multi-agent"
"499","control pid"
"502","untagged"
"504","motor"
"511","arduino electronics wifi"
"512","books"
"519","slam kalman-filter"
"520","3d-printing manufacturing"
"521","inverse-kinematics kinematics"
"524","motor brushless-motor"
"530","software arduino programming-languages"
"531","arduino slam imu deduced-reckoning"
"533","electronics research"
"535","arduino slam kinect"
"541","mobile-robot design wheeled-robot tracks"
"543","quadcopter design uav"
"550","localization"
"554","battery quadcopter power"
"556","slam machine-learning deduced-reckoning gyroscope accelerometer"
"558","mobile-robot design"
"565","software sensors kinect"
"566","inverse-kinematics machine-learning"
"568","microcontroller machine-learning"
"578","programming-languages nxt"
"583","inverse-kinematics"
"585","control software"
"599","slam"
"602","battery tracks troubleshooting"
"603","mobile-robot motor tracks"
"609","software arduino raspberry-pi"
"613","motor current"
"616","arduino current"
"619","control motor"
"623","arduino electronics"
"627","electronics operating-systems"
"628","mobile-robot artificial-intelligence algorithm coverage theory"
"634","battery"
"636","motor nxt mindstorms"
"637","mobile-robot wheeled-robot protection circuit"
"641","design mechanism"
"642","arduino sensors accelerometer"
"646","design electronics accelerometer calibration"
"649","motion-planning algorithm rrt theory"
"650","sensors circuit"
"653","nxt programming-languages mindstorms"
"654","sensors kinect"
"656","mobile-robot arm"
"667","raspberry-pi operating-systems"
"671","nxt programming-languages mindstorms not-exactly-c"
"672","nxt programming-languages mindstorms algorithm not-exactly-c"
"679","mobile-robot design"
"684","motor electronics power"
"687","kinect"
"689","control wiring routing motion"
"690","slam kalman-filter"
"693","ros roomba irobot-create"
"696","multi-agent"
"697","software simulator children"
"704","arduino software wifi c"
"709","rcservo"
"712","mobile-robot arduino microcontroller machine-learning simulator"
"716","c++ ransac"
"718","kinect computer-vision algorithm"
"725","slam"
"726","quadcopter uav navigation"
"730","microcontroller"
"734","slam mapping"
"736","microcontroller electronics arm"
"738","sensors compass"
"741","noise ekf"
"748","design power rcservo bec"
"751","robotc"
"757","motor brushless-motor"
"758","research hri uncanny-valley"
"763","mobile-robot design kinematics theory"
"764","slam mapping"
"768","balance quadcopter"
"775","design servos arm"
"777","motor servos"
"780","mobile-robot"
"783","ros"
"788","mobile-robot"
"790","research"
"795","radio-control"
"797","ros"
"801","microcontroller machine-learning walk"
"807","control design communication"
"810","sensors"
"812","mobile-robot arduino sensors"
"815","control arduino microcontroller motor power"
"819","arduino microcontroller"
"826","software motion"
"829","control manipulator robotic-arm"
"832","nxt i2c"
"835","cnc"
"838","microcontroller quadcopter esc"
"839","mobile-robot sensors navigation acoustic-rangefinder"
"840","software design inverse-kinematics research kinematics"
"845","computer-vision algorithm"
"848","arduino i2c"
"851","control"
"854","arduino two-wheeled"
"857","localization kalman-filter particle-filter"
"863","simulator"
"865","arduino stepper-motor current cnc"
"869","design arm joint"
"872","uav accelerometer imu gyroscope"
"873","arduino slam kinect quadcopter"
"876","control wheel"
"878","3d-printing"
"882","sensors force"
"883","mobile-robot reinforcement-learning simulator"
"884","mobile-robot localization"
"885","arduino"
"891","arduino control uav raspberry-pi radio-control"
"892","computer-vision calibration"
"896","computer-vision stereo-vision cameras"
"897","arduino motor"
"900","design algorithm industrial-robot theory manipulator"
"907","calibration"
"908","mechanism kit"
"909","gps"
"913","mobile-robot design motor"
"918","kinect ros"
"921","arduino cameras"
"922","mobile-robot wheel rcservo"
"924","arm"
"939","motor rcservo"
"940","kinematics forward-kinematics"
"946","sensors"
"948","motor air-muscle"
"952","algorithm coverage planning"
"953","ros quadcopter pwm"
"954","arduino rcservo"
"957","mobile-robot"
"963","kinect ros simulator"
"964","localization kalman-filter"
"965","arduino serial c++"
"970","sensors imu"
"975","heat-management cooling"
"976","mobile-robot walk"
"979","electronics quadcopter bec esc"
"984","nxt i2c"
"985","design electronics wheeled-robot"
"987","serial avr"
"989","mobile-robot localization odometry particle-filter"
"993","gps dynamics"
"994","kalman-filter imu navigation"
"997","electronics computer-vision wheeled-robot robotic-arm"
"998","pwm avr"
"999","rcservo stepper-motor"
"1005","control"
"1006","kalman-filter theory ekf"
"1011","battery"
"1014","robotic-arm"
"1018","rcservo"
"1020","mobile-robot localization wheeled-robot industrial-robot line-following"
"1021","control actuator"
"1023","rcservo walking-robot"
"1025","kinect ros"
"1032","control servos pid"
"1033","servos pid"
"1036","gps visualization"
"1037","mobile-robot control dynamics"
"1039","mobile-robot simulator"
"1046","sensors sensor-fusion"
"1047","kalman-filter books"
"1049","arduino usb"
"1050","electronics ugv reliability"
"1051","mobile-robot control design localization navigation"
"1056","motor wheeled-robot gait"
"1060","algorithm machine-learning mapping micromouse"
"1064","arduino motor"
"1066","control inverse-kinematics kinematics"
"1068","nxt mindstorms not-exactly-c"
"1069","motor"
"1072","control quadcopter radio-control"
"1074","brushless-motor"
"1078","wheel usb encoding"
"1082","mobile-robot control arm"
"1083","inverse-kinematics kinematics forward-kinematics"
"1086","motor rcservo"
"1089","mobile-robot localization odometry"
"1091","raspberry-pi real-time"
"1092","kinematics python"
"1097","kalman-filter imu"
"1100","industrial-robot"
"1110","algorithm movement"
"1113","stepper-motor torque"
"1117","computer-vision stereo-vision"
"1120","artificial-intelligence"
"1128","motor battery"
"1130","joint"
"1132","arduino artificial-intelligence beginner"
"1143","motor power pwm"
"1145","automatic"
"1148","research dynamic-programming"
"1153","design research logic-control"
"1158","design"
"1160","control arduino raspberry-pi"
"1163","battery"
"1167","arduino"
"1170","gazebo"
"1174","pid"
"1175","quadcopter esc"
"1178","microcontroller"
"1180","kalman-filter algorithm sensor-fusion"
"1181","kalman-filter algorithm sensor-fusion"
"1182","distributed-systems embedded-systems"
"1192","mobile-robot"
"1195","wheeled-robot"
"1198","design"
"1200","microcontroller robotic-arm movement"
"1202","linear-bearing"
"1205","mechanism"
"1207","arduino"
"1209","quadcopter stability"
"1211","motor sensors"
"1214","mobile-robot research"
"1218","arduino motor microcontroller motion"
"1219","design algorithm kinematics navigation"
"1221","arduino quadcopter imu pid"
"1227","arduino microcontroller input"
"1229","arduino pwm encoding interrupts"
"1232","arduino pid driver encoding"
"1235","wheeled-robot"
"1246","quadcopter"
"1249","mobile-robot"
"1253","mobile-robot control walking-robot hexapod"
"1257","kinect"
"1259","mechanism manufacturing"
"1263","ros"
"1266","machine-learning"
"1270","stepper-motor stepper-driver force-sensor"
"1274","mobile-robot arduino raspberry-pi"
"1276","control motor"
"1277","robotic-arm"
"1279","arduino microcontroller research machine-learning artificial-intelligence"
"1286","kalman-filter quadcopter imu uav"
"1290","arduino kinect robotic-arm"
"1294","navigation movement"
"1299","arduino sensors raspberry-pi programming-languages python"
"1301","arduino microcontroller servos wheeled-robot"
"1302","wheeled-robot"
"1305","arduino rcservo serial c++"
"1306","industrial-robot servomotor"
"1314","ekf visualization"
"1315","sensors computer-vision navigation"
"1318","mobile-robot sensors electronics"
"1320","arduino"
"1324","motor power"
"1327","mobile-robot motor"
"1329","battery"
"1332","quadcopter"
"1334","arduino sensors radio-control automatic"
"1336","artificial-intelligence sensor-fusion"
"1339","quadcopter"
"1342","mobile-robot"
"1344","design quadcopter"
"1346","motor underwater"
"1348","raspberry-pi computer-vision"
"1349","motion-planning"
"1350","sensors research"
"1356","pid"
"1367","quadcopter multi-rotor"
"1369","mobile-robot motion"
"1370","multi-rotor"
"1378","uav"
"1383","software"
"1388","c"
"1391","arduino microcontroller"
"1392","arduino"
"1393","sensors sensor-fusion"
"1394","c++ ros"
"1399","control sensors accelerometer"
"1400","sensors cameras"
"1408","arduino actuator"
"1413","mobile-robot raspberry-pi artificial-intelligence"
"1414","mobile-robot pid legged walking-robot hexapod"
"1416","mobile-robot battery reinforcement-learning"
"1417","wheeled-robot artificial-intelligence robotic-arm"
"1419","arduino slam kinect odometry"
"1427","arduino quadcopter radio-control"
"1429","servos stepper-motor motion"
"1435","localization"
"1437","design quadcopter"
"1440","brushless-motor"
"1443","microcontroller power embedded-systems"
"1445","arduino ardupilot"
"1448","mobile-robot motion-planning line-following routing"
"1449","imu accelerometer gyroscope noise magnetometer"
"1450","arduino raspberry-pi"
"1454","arduino"
"1455","algorithm motion-planning motion cnc"
"1457","arduino motor quadcopter"
"1463","motor quadcopter power"
"1466","quadcopter"
"1475","raspberry-pi mindstorms beginner children"
"1483","control motion-planning"
"1489","arduino motor sensors cameras"
"1492","electronics servos power legged"
"1494","sensors stepper-motor mechanism"
"1496","power ardupilot"
"1500","power"
"1503","python"
"1514","motor pwm"
"1515","motor mechanism"
"1517","ros kinect openni"
"1518","ugv lidar"
"1519","microcontroller communication"
"1524","arduino pid line-following"
"1525","localization particle-filter visualization"
"1530","raspberry-pi"
"1538","motor motion movement driver linear-bearing"
"1544","arduino"
"1547","simulator industrial-robot"
"1552","quadcopter multi-rotor"
"1554","arduino quadcopter gps"
"1562","design quadcopter uav"
"1564","ros"
"1567","motor electronics h-bridge"
"1570","accelerometer calibration errors"
"1571","motor rcservo"
"1579","sensors accelerometer calibration errors"
"1581","motor wheeled-robot battery"
"1582","multi-rotor"
"1584","sonar sensor-error"
"1589","sensors kalman-filter sensor-fusion"
"1590","control"
"1595","rcservo"
"1598","robotic-arm"
"1602","kinematics"
"1603","algorithm mapping"
"1607","rcservo"
"1610","sensors wifi communication circuit"
"1613","motor driver current"
"1614","arduino quadcopter noise ardupilot"
"1615","artificial-intelligence"
"1618","microcontroller"
"1622","design mechanism"
"1627","quadcopter brushless-motor"
"1630","motor raspberry-pi"
"1633","ros kinect"
"1634","kinematics"
"1637","mobile-robot"
"1638","stepper-motor cnc"
"1642","robotic-arm"
"1644","torque stepper-motor"
"1649","quadcopter python sonar"
"1653","mobile-robot kinematics motion two-wheeled forward-kinematics"
"1654","industrial-robot"
"1658","micromouse"
"1660","arduino"
"1666","kinect computer-vision machine-learning"
"1670","cnc"
"1676","motor"
"1678","servos kinematics"
"1680","activerobot"
"1682","motor wheeled-robot motion wheel"
"1684","force torque"
"1687","gps protection coverage"
"1693","motor battery"
"1695","pid motion multi-rotor"
"1697","arduino sensors quadcopter logic-control"
"1707","cameras wifi usb"
"1711","pid differential-drive"
"1712","motor brushless-motor"
"1717","gyroscope magnetometer"
"1724","electronics"
"1728","mobile-robot sensors automatic line-following"
"1729","slam"
"1730","kinematics forward-kinematics"
"1737","microcontroller c h-bridge avr"
"1743","arduino microcontroller"
"1745","design"
"1750","design"
"1753","arduino microcontroller communication"
"1755","arduino ardupilot"
"1757","arduino sensors"
"1758","sensors microcontroller interrupts"
"1765","gps ugv"
"1766","localization kalman-filter gyroscope compass"
"1767","kalman-filter gyroscope compass"
"1774","sensors slam"
"1775","sensors control pid movement"
"1776","ros"
"1777","quadcopter imu accelerometer gyroscope"
"1782","actuator"
"1787","control microcontroller rcservo usb embedded-systems"
"1790","mobile-robot motor wheeled-robot"
"1791","motor control microcontroller power brushless-motor"
"1795","localization wireless swarm"
"1797","microcontroller"
"1806","design mechanism 3d-printing"
"1808","sensors control actuator"
"1811","wireless swarm"
"1813","software"
"1815","movement torque differential-drive"
"1826","motor"
"1831","quadcopter simulator"
"1835","motor robotic-arm"
"1837","beginner"
"1838","quadcopter"
"1839","localization research visual-servoing"
"1844","sensors quadcopter cameras visual-servoing"
"1853","raspberry-pi servos"
"1856","arduino microcontroller raspberry-pi cameras"
"1857","sensors"
"1858","sensors imu accelerometer calibration"
"1861","mobile-robot localization"
"1863","robotic-arm"
"1864","arduino imu"
"1874","mobile-robot algorithm pwm c"
"1876","raspberry-pi"
"1877","real-time"
"1881","microcontroller software programming-languages"
"1884","simulator"
"1895","arduino imu"
"1897","motor automatic"
"1899","servos brushless-motor esc"
"1901","localization slam mapping"
"1903","design"
"1904","wheeled-robot"
"1909","arduino"
"1910","control"
"1911","mobile-robot motor control"
"1918","simulator"
"1919","stepper-motor wiring"
"1924","sensors"
"1925","mobile-robot kinematics"
"1927","motor torque"
"1931","servomotor"
"1934","servos pid brushless-motor"
"1935","design actuator"
"1944","3d-printing"
"1946","localization slam quadcopter mapping"
"1947","arduino control stepper-motor"
"1949","localization slam mapping"
"1954","arduino sensors"
"1955","mobile-robot motion-planning"
"1959","torque stepper-driver stepper-motor"
"1965","uav ardupilot"
"1966","computer-vision"
"1974","mobile-robot sensors"
"1976","sonar"
"1978","accelerometer"
"1979","python ardupilot"
"1981","sensors"
"1983","software electronics mechanism"
"1985","mobile-robot slam"
"1991","mobile-robot cameras"
"1992","kalman-filter"
"1995","motor pid brushless-motor"
"1997","robotic-arm inverse-kinematics industrial-robot"
"2000","kalman-filter"
"2009","kalman-filter"
"2011","control kinematics movement"
"2018","arduino"
"2021","quadcopter ardupilot"
"2022","software artificial-intelligence programming-languages beginner embedded-systems"
"2024","raspberry-pi python"
"2027","slam ros navigation"
"2028","arduino stepper-motor c"
"2031","localization ros odometry"
"2032","mobile-robot design wheeled-robot"
"2034","wheeled-robot"
"2036","microcontroller can"
"2039","control quadcopter brushless-motor uav"
"2042","stepper-motor power stepper-driver"
"2045","mobile-robot irobot-create"
"2048","arduino motor pwm"
"2053","motor h-bridge"
"2056","arduino c communication serial"
"2062","stability legged"
"2063","arduino c serial"
"2068","raspberry-pi electronics esc"
"2074","electronics"
"2075","mobile-robot localization ros particle-filter"
"2077","robotic-arm"
"2081","arduino"
"2083","arduino c serial communication"
"2084","localization ros"
"2087","mobile-robot wheeled-robot kinect"
"2088","power rcservo nxt robotc"
"2089","arduino sensors gyroscope"
"2090","wifi"
"2091","arduino control quadcopter esc servomotor"
"2096","mobile-robot sensors robotic-arm simulator python"
"2098","sensors gps"
"2101","kalman-filter uav"
"2104","particle-filter"
"2105","sensors"
"2106","design navigation"
"2109","algorithm artificial-intelligence"
"2110","arduino sensors radio-control wireless"
"2111","microcontroller"
"2114","quadcopter ardupilot"
"2117","localization kinematics robotic-arm"
"2119","control"
"2121","particle-filter pose"
"2124","auv sonar"
"2127","electronics"
"2130","computer-vision cameras"
"2131","mobile-robot sensors line-following"
"2132","rcservo python usb"
"2133","kinematics"
"2135","localization kinematics robotic-arm inverse-kinematics"
"2138","mobile-robot ros navigation"
"2145","kinect openni"
"2146","arduino accelerometer ardupilot"
"2147","arduino microcontroller computer-vision cameras c"
"2148","control microcontroller"
"2149","mobile-robot ros kalman-filter ekf"
"2151","arduino raspberry-pi beginner"
"2156","industrial-robot calibration"
"2158","raspberry-pi rcservo accelerometer"
"2159","mobile-robot sensors"
"2165","microcontroller"
"2167","arduino quadcopter pid ardupilot"
"2173","ros kinect"
"2180","motor mechanism"
"2182","software"
"2186","arduino microcontroller"
"2189","uav"
"2192","sensors manufacturing"
"2195","industrial-robot calibration"
"2196","control software electronics artificial-intelligence embedded-systems"
"2197","activerobot"
"2205","motor control brushless-motor"
"2209","motor"
"2215","manufacturing"
"2216","wheeled-robot"
"2217","microcontroller"
"2218","motor h-bridge"
"2222","industrial-robot"
"2224","ros kinect arm embedded-systems"
"2227","quadcopter"
"2228","brushless-motor"
"2234","brushless-motor"
"2236","mobile-robot navigation"
"2244","design pid quadcopter"
"2245","kalman-filter noise"
"2250","inverse-kinematics"
"2251","slam particle-filter"
"2256","motor raspberry-pi robotic-arm"
"2261","sensors gyroscope"
"2262","arduino sensors localization wifi"
"2263","quadcopter accelerometer navigation sensor-fusion"
"2264","artificial-intelligence"
"2273","arduino raspberry-pi servos python"
"2274","software computer-vision artificial-intelligence"
"2277","motor mechanism"
"2279","wheeled-robot wifi two-wheeled"
"2283","motor design"
"2289","force dynamics manipulator"
"2290","quadcopter stability"
"2295","brushless-motor power inverse-kinematics motion-planning torque"
"2297","arduino pid quadcopter stability"
"2298","kinematics accelerometer machine-learning"
"2299","mobile-robot software artificial-intelligence programming-languages"
"2304","arduino sensors raspberry-pi computer-vision"
"2315","kalman-filter gps sensor-fusion"
"2321","sensors accelerometer gyroscope"
"2322","quadcopter"
"2324","wheeled-robot inverse-kinematics wheel"
"2326","sensors sensor-error"
"2330","quadcopter"
"2331","kalman-filter"
"2336","electronics"
"2337","localization motion-planning sonar"
"2341","sensors sonar"
"2345","embedded-systems"
"2347","industrial-robot"
"2348","motor stepper-motor mechanism"
"2350","sensors electronics"
"2356","c line-following"
"2357","wireless"
"2361","kalman-filter"
"2362","actuator valve"
"2363","mobile-robot"
"2365","kalman-filter noise"
"2371","quadcopter gyroscope movement dynamics"
"2373","mobile-robot localization computer-vision"
"2374","kinect computer-vision stereo-vision"
"2376","kinect"
"2379","arduino microcontroller underwater"
"2382","mobile-robot localization motion particle-filter"
"2387","quadcopter programming-languages"
"2394","arduino computer-vision lidar"
"2396","mobile-robot differential-drive"
"2402","motor"
"2409","microcontroller"
"2411","design"
"2413","software"
"2416","motor quadcopter"
"2418","quadcopter"
"2421","nxt usb"
"2422","kinematics motion-planning forward-kinematics"
"2423","quadcopter design"
"2424","arduino control quadcopter ardupilot"
"2426","c calibration esc avr"
"2433","stepper-motor cnc"
"2434","mechanism"
"2435","beagle-bone"
"2443","mechanism"
"2445","mobile-robot"
"2446","control radio-control"
"2453","arduino motor sensors quadcopter"
"2456","untagged"
"2458","research"
"2462","mobile-robot software wheeled-robot"
"2465","sensors kinect computer-vision"
"2470","wireless gps"
"2476","quadcopter"
"2478","ros"
"2480","tracks linear-bearing"
"2481","openni"
"2486","control manipulator"
"2488","kalman-filter noise ekf"
"2489","arm"
"2491","mobile-robot sensors"
"2494","mobile-robot localization slam"
"2498","kinematics wheel"
"2499","dynamics"
"2504","inverse-kinematics"
"2507","arduino microcontroller beginner"
"2508","stepper-motor"
"2510","kalman-filter slam ekf"
"2511","c micromouse"
"2519","sensors imu"
"2524","motor power"
"2526","mobile-robot artificial-intelligence research machine-learning"
"2530","mobile-robot raspberry-pi serial irobot-create roomba"
"2531","ros"
"2542","motor motion joint"
"2545","arduino serial"
"2552","accelerometer motion"
"2553","robotic-arm"
"2555","raspberry-pi serial communication wireless"
"2556","kalman-filter"
"2559","quadcopter"
"2563","wifi usb"
"2564","sensors imu"
"2570","motor servos servomotor"
"2571","sensors"
"2575","pid"
"2580","wheeled-robot kinematics algorithm"
"2587","sensors"
"2588","ros robotc"
"2591","kinematics joint"
"2593","motor"
"2594","bec"
"2595","arduino troubleshooting"
"2596","design mechanism humanoid"
"2597","sensors software driver"
"2600","arduino"
"2604","control pid navigation differential-drive"
"2606","microcontroller arm embedded-systems"
"2609","arduino"
"2610","robotc"
"2613","wheeled-robot kinematics"
"2619","rcservo"
"2620","control"
"2628","artificial-intelligence machine-learning"
"2631","motor sensors quadcopter multi-rotor"
"2635","battery"
"2637","control"
"2639","arduino control raspberry-pi real-time"
"2641","arduino"
"2642","kalman-filter slam particle-filter"
"2643","motor quadcopter multi-rotor"
"2644","motor quadrature-encoder"
"2649","microcontroller kinect"
"2652","quadcopter microcontroller radio-control"
"2657","sensors"
"2661","kalman-filter"
"2667","mobile-robot robotic-arm"
"2668","arduino quadcopter"
"2671","control robotic-arm"
"2672","serial communication"
"2673","kinect sensor-fusion odometry"
"2676","servos"
"2677","raspberry-pi computer-vision ultrasonic-sensors"
"2680","motor control design robotic-arm"
"2683","sensors quadcopter accelerometer ardupilot"
"2687","quadcopter"
"2692","ardupilot radio-control"
"2694","control can"
"2695","arduino electronics"
"2696","quadcopter simulator"
"2698","mobile-robot localization particle-filter tracks"
"2700","power battery"
"2701","navigation gps"
"2702","kinematics robotic-arm"
"2704","quadcopter"
"2706","computer-vision"
"2708","sensors localization kalman-filter sensor-fusion"
"2712","mobile-robot raspberry-pi"
"2713","mobile-robot"
"2714","localization ultrasonic-sensors"
"2715","sensors"
"2719","motor control"
"2720","algorithm"
"2723","robotic-arm mechanism"
"2724","sensors ultrasonic-sensors pose"
"2726","motor control can"
"2729","inverse-kinematics"
"2730","arduino wifi"
"2731","mobile-robot localization motion simulator"
"2744","sensors kinect cameras lidar"
"2747","motor battery movement"
"2748","arduino ultrasonic-sensors"
"2754","sensors mechanism force-sensor"
"2758","kinematics"
"2760","inverse-kinematics manipulator"
"2761","serial"
"2767","accelerometer gyroscope nxt"
"2768","pid differential-drive"
"2769","sensors motion"
"2771","mobile-robot kalman-filter tracks"
"2772","motor quadcopter pid pwm esc"
"2774","sensors"
"2781","quadcopter brushless-motor esc multi-rotor"
"2782","mobile-robot"
"2787","sensors"
"2794","battery"
"2798","mobile-robot ros irobot-create"
"2800","pid"
"2801","quadcopter radio-control"
"2802","radio-control"
"2807","control motion-planning"
"2812","microcontroller computer-vision machine-learning research"
"2822","mobile-robot kit"
"2826","kalman-filter"
"2828","arduino"
"2829","sensors control pid differential-drive"
"2832","power battery servomotor walking-robot"
"2834","mobile-robot motor gyroscope encoding"
"2837","arduino motor control pid"
"2841","sensors servos"
"2847","localization imu sensor-fusion"
"2848","motor"
"2849","quadcopter uav multi-rotor"
"2850","arduino raspberry-pi stepper-motor"
"2852","sensors wiring"
"2854","quadcopter"
"2860","robotic-arm arm"
"2865","mobile-robot sensors algorithm rangefinder"
"2868","control pid differential-drive"
"2870","actuator"
"2871","slam ekf"
"2873","localization calibration differential-drive"
"2875","arduino mobile-robot sensors computer-vision beagle-bone"
"2876","sensors mechanism"
"2879","rcservo mechanism valve"
"2882","software rock"
"2885","frame"
"2889","torque manipulator"
"2890","electronics"
"2891","arduino pwm"
"2894","microcontroller robotic-arm motion humanoid"
"2897","raspberry-pi i2c"
"2899","battery"
"2902","arduino sensors localization gps"
"2904","microcontroller"
"2905","quadcopter multi-rotor"
"2908","arduino quadcopter imu"
"2915","control pid"
"2918","arduino motor cameras stepper-driver"
"2919","control pid"
"2920","pid"
"2921","rcservo pwm servomotor"
"2925","control pid"
"2930","multi-rotor"
"2931","quadcopter pid imu"
"2933","microcontroller"
"2935","control"
"2936","mobile-robot sensors coverage"
"2937","control"
"2939","pid"
"2940","control design"
"2945","software mapping"
"2948","control pid tuning"
"2949","motor mechanism"
"2961","control power actuator torque battery"
"2963","arduino raspberry-pi beginner"
"2964","quadcopter pid"
"2966","robotic-arm"
"2968","control"
"2970","motor torque"
"2972","motor control"
"2976","motor"
"2980","control"
"2981","manufacturing"
"2982","nxt robotc"
"2983","wheel"
"2987","brushless-motor encoding hall-sensor"
"2988","mobile-robot linux speech-processing digital-audio"
"2990","sensors localization ekf"
"2998","stepper-motor torque stepper-driver"
"3006","mobile-robot ros slam kinect lidar"
"3007","robotic-arm mechanism"
"3013","brushless-motor multi-rotor esc"
"3016","kinect computer-vision openni"
"3017","mobile-robot wheeled-robot programming-languages"
"3021","mobile-robot digital-audio linux"
"3026","simulator gazebo"
"3027","quadcopter pid"
"3029","control design"
"3032","control robotic-arm kinematics dh-parameters"
"3035","kinematics"
"3040","mobile-robot inverse-kinematics"
"3043","pid"
"3049","rock syskit"
"3052","design errors"
"3058","communication"
"3062","arduino mechanism rcservo"
"3063","mobile-robot localization kalman-filter ekf"
"3066","quadcopter power"
"3069","quadcopter"
"3071","ekf mapping"
"3073","localization ekf data-association"
"3079","sensors control"
"3080","arduino quadcopter"
"3088","localization particle-filter"
"3090","ardupilot"
"3091","rock"
"3098","sensors control sensor-fusion sensor-error"
"3101","mobile-robot kinematics motion motion-planning noise"
"3102","control arm"
"3104","localization ekf"
"3105","quadcopter brushless-motor multi-rotor esc battery"
"3108","control"
"3110","control ros"
"3116","rock syskit"
"3117","3d-printing"
"3118","kalman-filter ekf"
"3121","wheel"
"3124","motor pid pwm"
"3125","robotic-arm manufacturing"
"3132","localization ekf"
"3133","kinect arm openni"
"3134","kinect"
"3137","quadcopter pid stability"
"3139","forward-kinematics dh-parameters"
"3144","kinematics inverse-kinematics"
"3145","motor"
"3150","rock"
"3152","rock"
"3155","kinematics"
"3159","ros irobot-create"
"3160","irobot-create"
"3162","microcontroller"
"3164","design"
"3166","localization ekf"
"3170","localization robotic-arm"
"3172","robotic-arm"
"3173","pid accelerometer navigation"
"3178","pid"
"3181","robotic-arm forward-kinematics"
"3183","motor"
"3188","stepper-motor motion actuator"
"3200","simulator torque"
"3206","arduino stepper-motor stepper-driver cnc reprap"
"3207","digital-audio speech-processing"
"3208","motor pid brushless-motor esc servomotor"
"3209","sensors kinematics"
"3210","manufacturing"
"3216","mechanism movement"
"3218","actuator linear-bearing"
"3222","machine-learning"
"3225","arduino"
"3227","microcontroller actuator"
"3231","servomotor"
"3233","motor differential-drive"
"3234","speech-processing"
"4238","software"
"4239","control pid"
"4247","quadcopter"
"4255","mechanism simulator"
"4256","ros imu differential-drive noise"
"4261","computer-vision calibration stereo-vision"
"4263","motion-planning python"
"4265","robotic-arm"
"4266","computer-vision calibration stereo-vision"
"4270","motor"
"4271","control algorithm"
"4277","dynamics theory"
"4281","design joint"
"4285","slam ekf"
"4287","mobile-robot kalman-filter gps odometry"
"4288","compass magnetometer"
"4295","localization ekf"
"4296","localization calibration cameras"
"4297","arduino mobile-robot raspberry-pi slam stereo-vision"
"4299","arduino control actuator current circuit"
"4303","quadcopter"
"4307","stepper-motor cnc"
"4308","wheel"
"4312","gps"
"4313","quadcopter pid real-time"
"4316","servomotor"
"4318","arduino control microcontroller pid wheeled-robot"
"4323","motor control microcontroller motion-planning encoding"
"4326","actuator force"
"4327","motion"
"4329","cnc chassis"
"4336","mobile-robot pid kinematics wheeled-robot motion"
"4340","mobile-robot microcontroller wheeled-robot robotc"
"4346","computer-vision motion-planning navigation matlab"
"4348","i2c beagle-bone"
"4357","motor mechanism"
"4359","laser"
"4360","control pid robotic-arm"
"4362","beginner automatic"
"4364","forward-kinematics dh-parameters"
"4366","pid"
"4369","mobile-robot"
"4370","rock syskit"
"4371","dynamics errors"
"4379","torque servomotor avr"
"4380","mechanism"
"4384","wheeled-robot quadrature-encoder"
"4385","raspberry-pi line-following"
"4392","slam ekf mapping"
"4393","mobile-robot navigation algorithm"
"4394","motor line-following"
"4395","mobile-robot quadrature-encoder"
"4396","ros navigation differential-drive driver"
"4398","computer-vision"
"4399","laser"
"4405","mobile-robot"
"4409","quadcopter multi-rotor"
"4410","mobile-robot"
"4413","arduino battery"
"4414","arduino raspberry-pi"
"4415","quadcopter artificial-intelligence machine-learning"
"4420","localization theory"
"4424","slam reference-request"
"4426","quadcopter accelerometer gyroscope"
"4427","untagged"
"4430","artificial-intelligence"
"4435","computer-vision"
"4439","raspberry-pi servos"
"4440","slam mapping laser occupancygrid"
"4442","mobile-robot wheeled-robot wheel"
"4447","slam motion"
"4449","slam"
"4456","rcservo pwm"
"4463","motor"
"4465","imu"
"4467","navigation"
"4469","computer-vision"
"4472","usb embedded-systems avr"
"4474","servos valve"
"4476","control quadcopter"
"4477","imu"
"4486","mobile-robot simulation"
"4487","navigation"
"4488","artificial-intelligence programming-languages"
"4489","imu"
"4492","motor control"
"4496","kinematics robotic-arm jacobian"
"4498","microcontroller ros navigation"
"4504","quadcopter"
"4510","cameras"
"4511","imu"
"4513","localization particle-filter"
"4514","mobile-robot"
"4516","microcontroller"
"4520","computer-vision gps sensor-fusion odometry"
"4523","kalman-filter slam reference-request"
"4526","pid"
"4531","esc"
"4533","arduino motor ros h-bridge"
"4536","sensors quadcopter pid"
"4540","arduino mobile-robot sensors"
"4542","kinematics"
"4545","arduino wireless"
"4546","sensors design mechanism actuator servomotor"
"4554","microcontroller kinect"
"4555","wheeled-robot mechanism"
"4558","control quadcopter"
"4562","control quadcopter"
"4568","arduino quadcopter microcontroller pid beginner"
"4569","cnc"
"4573","mobile-robot slam laser probability"
"4575","control"
"4577","arduino ros actuator stepper-driver current"
"4578","computer-vision kinect"
"4579","mobile-robot wheeled-robot quadrature-encoder"
"4580","control design stepper-motor motion"
"4583","sensors navigation cameras sonar lidar"
"4587","actuator"
"4589","localization particle-filter"
"4591","sensors robotc"
"4592","motor brushless-motor servomotor"
"4595","localization electronics laser rangefinder"
"4599","slam ekf errors mapping"
"4607","quadcopter"
"4608","pid"
"4609","sensors imu accelerometer gyroscope"
"4610","kinematics forward-kinematics dh-parameters"
"4612","arduino"
"4625","mobile-robot"
"4627","control quadcopter wireless"
"4632","arduino motor"
"4635","arduino wheeled-robot mechanism industrial-robot valve"
"4639","sensors servos"
"4642","servomotor"
"4648","serial"
"4650","slam sonar"
"4656","motor esc"
"4657","motor esc"
"4658","battery"
"4663","control sensor-fusion"
"4672","theory mapping"
"4674","motor torque"
"4675","pid quadcopter"
"4677","sensors quadcopter kalman-filter imu accelerometer"
"4679","quadcopter"
"4682","sensors sensor-fusion"
"4687","control quadcopter simulator"
"4688","ros wheeled-robot differential-drive"
"4689","kinematics manipulator"
"4693","arduino kinematics movement"
"4698","i2c"
"4699","sensors localization wheeled-robot battery wireless"
"4701","pid"
"4702","mechanism servos servomotor"
"4704","quadcopter"
"4705","motor"
"4706","motor"
"4707","motor battle-bot"
"4713","motor stepper-motor"
"4715","mobile-robot sensors control"
"4716","motor battle-bot"
"4717","mobile-robot wheeled-robot computer-vision algorithm stereo-vision"
"4721","quadcopter"
"4722","brushless-motor"
"4723","communication laser rangefinder"
"4724","algorithm machine-learning legged"
"4725","multi-agent"
"4726","ros"
"4734","arduino sensors wheeled-robot"
"4738","wheeled-robot motion"
"4741","inverse-kinematics product-of-exponentials"
"4745","robotic-arm industrial-robot"
"4749","navigation motion-planning"
"4750","motor control pid"
"4754","localization ros slam raspberry-pi ultrasonic-sensors"
"4755","forward-kinematics dh-parameters"
"4759","arduino wheeled-robot algorithm"
"4761","gps communication wireless"
"4762","quadcopter"
"4764","mobile-robot"
"4766","power usb beagle-bone"
"4771","arduino computer-vision kinect"
"4775","computer-vision"
"4782","control power battle-bot"
"4784","simulator gazebo simulation"
"4787","slam"
"4789","probability"
"4793","control dynamics manipulator"
"4794","motor"
"4796","motor differential-drive"
"4797","motor battery"
"4798","pid raspberry-pi artificial-intelligence"
"4804","quadcopter"
"4808","pid"
"4815","i2c"
"4820","motor"
"4824","localization pid quadcopter uav"
"4827","motor"
"4828","motor brushless-motor"
"4829","motor brushless-motor servos servomotor"
"4830","motor servos servomotor"
"4831","motor brushless-motor servos servomotor"
"4832","motor brushless-motor servos servomotor"
"4836","pid"
"4840","driver"
"4843","computer-vision kinect"
"4847","quadcopter"
"4853","arduino"
"4855","localization particle-filter"
"4857","motor chassis"
"4863","computer-vision real-time"
"4866","brushless-motor esc"
"4872","quadcopter"
"4873","mobile-robot ros simulator auv"
"4874","mobile-robot ros"
"4875","arduino sensors rcservo"
"4880","cnc circuit"
"4885","ros quadcopter"
"4888","mobile-robot"
"4890","artificial-intelligence"
"4891","quadcopter"
"4897","sensors"
"4900","inverse-kinematics"
"4901","control pid tuning"
"4902","motor"
"4903","brushless-motor stepper-motor"
"4904","robotic-arm"
"4911","robotic-arm"
"4913","sensors"
"4914","python mapping simulation"
"4928","mechanism"
"4930","wheeled-robot chassis"
"4933","current"
"4934","theory"
"4937","nxt robotc"
"4939","quadcopter microcontroller electronics esc multi-rotor"
"4943","motor servomotor"
"4944","nxt troubleshooting"
"4946","cameras odometry joint"
"4948","motor design"
"4949","machine-learning reinforcement-learning reference-request"
"4953","sensors quadcopter electronics esc multi-rotor"
"4954","raspberry-pi beagle-bone"
"4955","motor power driver current h-bridge"
"4956","slam navigation lidar"
"4958","microcontroller"
"4959","arduino robotic-arm servos"
"4960","stereo-vision"
"4965","arduino motor"
"4966","two-wheeled"
"4967","motor"
"4972","localization"
"4980","mobile-robot humanoid"
"4983","quadcopter multi-rotor"
"4986","control quadcopter"
"4987","wheeled-robot"
"4990","kalman-filter ekf pose"
"4991","motor motion motion-planning"
"4994","ugv platform"
"4996","arduino quadcopter raspberry-pi python"
"4998","navigation simulator cameras"
"5001","gyroscope"
"5006","inverse-kinematics forward-kinematics"
"5011","mobile-robot line-following"
"5014","control microcontroller communication"
"5016","laser"
"5020","computer-vision"
"5023","localization slam particle-filter"
"5028","mechanism"
"5031","quadcopter raspberry-pi cameras linux"
"5034","microcontroller ros humanoid"
"5036","force"
"5037","kalman-filter gyroscope"
"5039","arduino mobile-robot localization"
"5041","arduino"
"5044","beagle-bone"
"5045","kalman-filter gyroscope noise"
"5047","computer-vision navigation"
"5053","uav"
"5058","inverse-kinematics"
"5059","robotic-arm industrial-robot manipulator"
"5062","motor"
"5068","robotic-arm motion-planning simulator planning"
"5071","sensors rangefinder"
"5074","beagle-bone linux"
"5079","control usb rs232"
"5082","quadcopter multi-rotor radio-control"
"5095","control wheeled-robot kinematics"
"5097","multi-agent swarm"
"5099","software"
"5103","arduino"
"5104","simulation"
"5106","research"
"5108","arduino mobile-robot wheeled-robot micromouse"
"5109","wireless"
"5110","calibration compass magnetometer"
"5111","robotic-arm motion-planning c++ planning"
"5116","quadcopter pid design"
"5118","mobile-robot sensors servos"
"5126","ardupilot"
"5130","arduino pid"
"5132","mobile-robot irobot-create"
"5133","irobot-create"
"5138","arduino serial usb c++ beagle-bone"
"5140","sensors hall-sensor"
"5148","stepper-motor stability"
"5149","mobile-robot ros quadcopter movement"
"5150","arduino sensors microcontroller electronics"
"5152","arduino serial communication"
"5156","motor brushless-motor stepper-motor servomotor"
"5164","ardupilot mavlink"
"5169","mobile-robot wheeled-robot differential-drive"
"5171","arduino quadcopter microcontroller multi-rotor"
"5178","motor control power"
"5180","microcontroller localization"
"5182","arduino imu"
"5188","computer-vision"
"5189","arduino sensors kinect"
"5192","sensors"
"5193","slam mapping occupancygrid"
"5196","brushless-motor esc line-following"
"5199","localization slam motion-planning mapping"
"5201","motor power rcservo radio-control"
"5203","quadcopter frame"
"5208","control pid"
"5209","motor robotic-arm gearing"
"5214","mechanism stepper-motor"
"5218","beginner"
"5220","mindstorms"
"5223","probability"
"5224","motor brushless-motor motion"
"5226","control"
"5227","control"
"5229","torque"
"5238","slam ekf mapping data-association"
"5240","raspberry-pi irobot-create"
"5248","motor quadcopter multi-rotor"
"5250","power"
"5251","control quadcopter"
"5255","ardupilot"
"5259","arduino quadcopter raspberry-pi"
"5260","control pid uav"
"5261","motor sensors control pid"
"5267","motor robotic-arm torque gearing"
"5276","mobile-robot design legged"
"5279","motor quadrature-encoder"
"5282","arduino quadcopter microcontroller ardupilot"
"5283","computer-vision odometry"
"5292","design wheeled-robot mechanism"
"5293","automatic"
"5300","power battery"
"5302","arduino programming-languages"
"5307","sensors beginner"
"5310","cameras usb stereo-vision"
"6310","battery wireless"
"6313","quadcopter kinematics"
"6314","arduino control serial communication beagle-bone"
"6315","kalman-filter computer-vision pose"
"6322","linux"
"6323","quadcopter power battery"
"6325","localization kalman-filter navigation errors"
"6327","power servos beagle-bone hexapod"
"6328","control programming-languages beagle-bone linux"
"6331","motor stepper-motor power"
"6334","slam computer-vision odometry"
"6339","control automatic"
"6341","circuit"
"6345","motor power servos battery"
"6348","control noise automatic"
"6351","arduino mobile-robot two-wheeled"
"6355","arduino motor pid software avr"
"6356","arduino mechanism servos servomotor"
"6366","wifi"
"6367","localization accelerometer algorithm gyroscope"
"6371","arduino ardupilot"
"6374","ros c++"
"6382","kinematics inverse-kinematics forward-kinematics manipulator jacobian"
"6383","design"
"6386","motor mechanism"
"6395","ros cameras calibration"
"6398","arduino motor electronics noise driver"
"6405","motion-planning"
"6406","motion-planning"
"6408","3d-printing reprap"
"6409","dynamics"
"6412","ros servos servomotor beagle-bone c++"
"6417","control pid"
"6418","sonar laser underwater rangefinder acoustic-rangefinder"
"6423","mobile-robot wheeled-robot particle-filter"
"6428","sensors"
"6429","algorithm probability occupancygrid"
"6430","mechanism"
"6434","kalman-filter imu"
"6436","mobile-robot wifi"
"6437","mobile-robot battery"
"6442","quadcopter pid esc"
"6445","motor"
"6446","arduino control pid"
"6447","slam theory"
"6452","mechanism"
"6459","programming-languages"
"6462","beagle-bone linux"
"6463","slam"
"6467","control microcontroller electronics"
"6469","wheeled-robot"
"6471","quadcopter"
"6475","mobile-robot"
"6476","motor usb"
"6478","mobile-robot wheeled-robot"
"6488","brushless-motor"
"6493","pid wheeled-robot odometry"
"6495","electronics embedded-systems"
"6500","kinematics joint dh-parameters"
"6508","computer-vision cameras"
"6510","quadcopter pid"
"6511","robotic-arm servos"
"6515","sensors computer-vision ultrasonic-sensors"
"6516","motor"
"6522","quadcopter pid"
"6523","arduino motor control"
"6526","imu magnetometer"
"6531","rcservo"
"6532","control electronics embedded-systems"
"6536","motor"
"6541","c beagle-bone"
"6544","motor brushless-motor"
"6553","microcontroller artificial-intelligence robotc"
"6560","arduino sensors"
"6564","control kalman-filter jacobian"
"6565","motor microcontroller"
"6566","computer-vision navigation motion-planning"
"6570","quadcopter kalman-filter imu gps sensor-fusion"
"6571","kalman-filter quadrature-encoder"
"6572","actuator"
"6575","design mechanism vex"
"6576","reference-request"
"6581","sensors robotic-arm kinect stereo-vision"
"6583","quadcopter navigation radio-control wifi"
"6586","robotic-arm industrial-robot dh-parameters product-of-exponentials"
"6587","microcontroller wheeled-robot"
"6590","quadcopter dynamics"
"6592","arduino brushless-motor"
"6593","quadcopter"
"6596","beginner"
"6597","kalman-filter"
"6599","robotic-arm kinematics forward-kinematics product-of-exponentials"
"6601","python"
"6604","mobile-robot microcontroller radio-control communication wireless"
"6606","control wheeled-robot"
"6607","ros cameras serial"
"6613","mobile-robot servomotor"
"6617","kinematics jacobian"
"6620","robotic-arm industrial-robot robotc simulation"
"6622","mobile-robot"
"6624","control sensors"
"6632","ros kinect"
"6639","slam ekf simulation mapping"
"6642","control dynamics"
"6643","quadcopter"
"6648","microcontroller wheeled-robot electronics artificial-intelligence"
"6649","arduino pid imu"
"6650","microcontroller embedded-systems real-time"
"6651","mobile-robot"
"6652","ros"
"6657","control dynamics"
"6659","slam"
"6661","quadcopter imu calibration magnetometer"
"6662","imu sensor-fusion"
"6667","mobile-robot wheeled-robot design mechanism"
"6672","mobile-robot slam ekf noise"
"6673","control quadcopter pid"
"6674","motor pwm irobot-create h-bridge roomba"
"6680","sensors robotic-arm automatic"
"6683","motion-planning"
"6686","arduino irobot-create"
"6694","robotic-arm kinematics inverse-kinematics manipulator jacobian"
"6696","motor pid"
"6700","pid"
"6701","quadcopter cameras"
"6703","mobile-robot wheeled-robot"
"6705","sensors sensor-fusion ultrasonic-sensors"
"6706","motor control pid actuator dynamics"
"6708","arduino raspberry-pi"
"6714","design circuit"
"6715","arduino sensors navigation"
"6720","quadcopter pid raspberry-pi"
"6721","arduino control robotic-arm"
"6733","arduino quadcopter pid imu rcservo"
"6739","laser 3d-printing"
"6740","control pid tuning"
"6741","computer-vision stereo-vision"
"6750","sensors compass"
"6754","robotic-arm kinematics dynamics matlab"
"6764","arduino imu accelerometer gyroscope"
"6765","quadcopter"
"6767","electronics"
"6772","quadcopter"
"6776","mobile-robot quadcopter microcontroller mechanism embedded-systems"
"6782","irobot-create roomba"
"6783","robotic-arm"
"6784","robotic-arm stepper-motor"
"6787","irobot-create"
"6791","walk"
"6792","control pid stability"
"6801","mechanism motion force legged walk"
"6804","arduino imu accelerometer gyroscope"
"6807","motor servomotor driver"
"6808","imu sensor-fusion"
"6810","particle-filter"
"6816","roomba"
"6817","control pid"
"6818","control sensors"
"6821","quadcopter brushless-motor"
"6822","arduino quadcopter"
"6824","control"
"6826","mobile-robot motor gearing"
"6829","slam"
"6831","software irobot-create python"
"6833","beagle-bone"
"6835","beagle-bone circuit"
"6837","quadcopter raspberry-pi brushless-motor esc multi-rotor"
"6838","control localization simulation"
"6842","robotic-arm jacobian"
"6843","arduino ultrasonic-sensors"
"6844","quadcopter"
"6845","mobile-robot motor"
"6846","arduino gps"
"6849","slam"
"6852","irobot-create"
"6853","irobot-create"
"6854","irobot-create"
"6859","control pid dynamics"
"6860","robotic-arm servos h-bridge"
"6862","motion forward-kinematics quadrature-encoder"
"6863","mobile-robot radio-control wireless wifi"
"6869","irobot-create"
"6870","irobot-create"
"6880","computer-vision stereo-vision"
"6882","sensors accelerometer lidar"
"6890","mobile-robot motor design torque force"
"6895","slam kinect matlab"
"6896","inverse-kinematics jacobian"
"6900","mobile-robot motor raspberry-pi first-robotics"
"6905","slam ekf python"
"6906","quadcopter brushless-motor"
"6908","slam ekf python"
"6909","slam ekf python"
"6910","robotic-arm dh-parameters"
"6913","control"
"6918","robotic-arm kinematics automatic matlab"
"6922","control quadcopter torque"
"6927","design"
"6929","irobot-create"
"6931","imu accelerometer gyroscope simulation"
"6934","sensors motion"
"6936","robotic-arm joint dh-parameters"
"6942","stereo-vision"
"6944","sensors computer-vision sonar ultrasonic-sensors"
"6945","control pid matlab"
"6946","design motion"
"6952","arduino control localization"
"6953","accelerometer gyroscope frame"
"6955","arduino navigation"
"6956","localization slam artificial-intelligence mapping wireless"
"6957","arduino quadcopter pid"
"6969","sensors wireless communication"
"6979","navigation motion-planning"
"6980","beagle-bone"
"6982","slam ekf python"
"6984","mapping"
"6985","beagle-bone"
"6987","power"
"6990","mobile-robot sensors"
"6992","control pid"
"6999","quadcopter design frame"
"7002","c++ mavlink"
"7004","control"
"7008","battery"
"7012","microcontroller robotic-arm cameras stereo-vision"
"7014","sensors computer-vision kinect"
"7016","mobile-robot sensors cameras stereo-vision lidar"
"7018","irobot-create roomba"
"7024","arduino sensors"
"7040","mobile-robot odometry stereo-vision"
"7043","pid quadcopter"
"7048","computer-vision cameras"
"7050","sensors computer-vision kinect"
"7052","control robotic-arm industrial-robot"
"7056","localization"
"7057","brushless-motor beagle-bone"
"7059","mobile-robot mapping"
"7062","irobot-create"
"7066","control robotic-arm joint"
"7067","motor raspberry-pi wireless"
"7068","soccer"
"7069","mobile-robot robotic-arm"
"7070","robotic-arm jacobian"
"7073","microcontroller ultrasonic-sensors"
"7080","sensors"
"7089","robotic-arm design quadcopter dynamic-programming"
"7091","robotic-arm servos actuator arm"
"7095","sensors kinect"
"7097","control industrial-robot wireless usb first-robotics"
"7099","arduino"
"7105","arduino ros quadcopter"
"7109","motor robotic-arm stepper-motor servomotor actuator"
"7110","microcontroller programming-languages ultrasonic-sensors"
"7111","forward-kinematics cnc dh-parameters"
"7112","robotc vex"
"7116","arduino control stepper-motor c++"
"7120","sensors kinematics gyroscope"
"7121","irobot-create roomba"
"7124","gyroscope"
"7125","motor wireless line-following circuit"
"7128","localization"
"7129","servomotor dynamixel"
"7137","arduino quadcopter accelerometer gyroscope"
"7138","mobile-robot beagle-bone"
"7139","control"
"7140","slam"
"7146","pid ekf"
"7148","motor brushless-motor"
"7153","arduino microcontroller radio-control serial communication"
"7156","microcontroller"
"7158","irobot-create c c++"
"7159","kinect cameras"
"7161","computer-vision software uav c++ linux"
"7163","robotic-arm stereo-vision calibration"
"7165","control pid robotic-arm industrial-robot dynamics"
"7167","control brushless-motor"
"7175","artificial-intelligence"
"7176","raspberry-pi servomotor rcservo"
"7177","gazebo"
"7178","ros"
"7181","control inverse-kinematics"
"7186","rcservo"
"7188","robotic-arm accelerometer gyroscope jacobian"
"7189","irobot-create"
"7190","mobile-robot sensors swarm"
"7194","robotic-arm mechanism software"
"7198","wheeled-robot"
"7199","control pid tuning matlab"
"7203","mechanism"
"7206","multi-rotor"
"7210","artificial-intelligence"
"7212","control"
"7215","arduino irobot-create roomba"
"7216","wheeled-robot movement"
"7219","irobot-create python roomba"
"7221","localization slam gps"
"7225","motor"
"7226","control"
"7227","driver stepper-motor cnc"
"7229","irobot-create roomba"
"7230","input"
"7234","quadcopter rocket lithium-polymer"
"7235","quadcopter matlab microcontroller"
"7242","underwater"
"7243","computer-vision stereo-vision"
"7244","computer-vision cameras"
"7245","quadcopter distributed-systems"
"7249","quadcopter"
"7251","irobot-create"
"7254","mobile-robot"
"7256","arduino sensors raspberry-pi laser"
"7265","pid"
"7266","mobile-robot quadcopter sensors"
"7270","motor"
"7271","cameras gps line-following"
"7277","kinematics inverse-kinematics"
"7278","actuator dynamics joint"
"7287","odometry deduced-reckoning"
"7288","control quadcopter"
"7291","stereo-vision matlab soccer"
"7294","electronics"
"7295","arduino power ultrasonic-sensors"
"7297","robotic-arm"
"7308","motor esc pwm microcontroller"
"7311","actuator manufacturing"
"7315","motor actuator torque"
"7316","cameras"
"7317","robotic-arm actuator"
"7320","localization"
"7327","arduino communication usb c++"
"7331","control quadcopter matlab"
"7333","quadcopter power esc pwm"
"7334","robotic-arm design"
"7339","servos"
"7344","localization"
"7349","arduino wireless"
"7358","computer-vision cameras"
"7359","control real-time"
"7361","design software"
"7363","simulation multi-agent swarm"
"7378","motor actuator"
"7383","robotic-arm motion-planning"
"7384","kinematics mechanism"
"7385","computer-vision 3d-printing 3d-reconstruction 3d-model"
"7386","forward-kinematics books"
"7387","localization slam ros mapping rangefinder"
"7388","mobile-robot localization"
"7389","robotic-arm"
"7395","wireless"
"7397","stereo-vision"
"7398","laser matlab"
"7400","control quadcopter pwm"
"7403","slam"
"7406","irobot-create programming-languages"
"7409","arduino communication usb"
"7411","sensors design computer-vision"
"7415","control quadcopter pid matlab"
"7416","design software artificial-intelligence programming-languages"
"7423","electronics"
"7429","ros real-time"
"7434","control mechanism reference-request"
"7438","arduino mobile-robot localization mapping planning"
"7440","control matlab"
"7445","control quadcopter pid"
"7449","roomba"
"7450","beginner theory"
"7454","quadcopter imu"
"7456","robotic-arm inverse-kinematics manipulator matlab"
"7457","artificial-intelligence"
"7460","quadcopter"
"7462","quadcopter"
"7463","robotic-arm design actuator joint humanoid"
"7470","inverse-kinematics manipulator matlab"
"7472","rcservo wiring"
"7474","motor pid algorithm"
"7475","arduino raspberry-pi cameras servomotor"
"7483","robotic-arm"
"7485","dynamics matlab simulation"
"7486","power battery circuit"
"7489","power circuit"
"7491","power battery wiring"
"7493","stereo-vision odometry"
"7494","actuator"
"7497","mobile-robot motor wheeled-robot torque"
"7498","sensor-fusion"
"7499","stepper-motor stepper-driver"
"7502","arduino pid microcontroller"
"7506","mobile-robot localization mapping planning"
"7507","software electronics"
"7510","control sensors pid kalman-filter"
"7513","quadcopter wireless radio-control"
"7517","slam ekf"
"7519","localization kalman-filter gyroscope odometry"
"7521","actuator manipulator"
"7522","motor brushless-motor"
"7533","ros communication underwater operating-systems"
"7534","quadcopter odometry stability"
"7535","sensors"
"7537","design theory books"
"7542","beginner"
"7547","pid kalman-filter"
"7549","cameras stereo-vision"
"7552","arduino"
"7556","control cameras circuit"
"7557","kinect"
"7558","arduino imu gyroscope sensor-fusion"
"7560","control"
"7564","sensors localization sensor-fusion underwater"
"7565","mobile-robot control"
"7570","dh-parameters"
"7575","forward-kinematics dh-parameters"
"7578","arduino quadcopter kalman-filter imu"
"7580","mobile-robot sensors wheeled-robot"
"7588","platform"
"7592","imu"
"7595","microcontroller"
"7598","robotic-arm"
"7600","robotic-arm dynamic-programming"
"7607","quadcopter"
"7612","mobile-robot raspberry-pi servomotor rcservo hexapod"
"7613","kinect mapping stereo-vision 3d-reconstruction"
"7615","arduino accelerometer"
"7617","microcontroller serial c"
"7622","control"
"7626","pid"
"7632","brushless-motor battery esc"
"7633","quadcopter brushless-motor esc"
"7634","arduino beginner"
"7640","robotic-arm"
"7641","mapping"
"7644","kalman-filter particle-filter planning filter"
"7645","mobile-robot localization kalman-filter imu"
"7647","ros cameras calibration"
"7648","irobot-create roomba"
"7652","mobile-robot robotic-arm"
"7656","sensors roomba"
"7659","ros cameras calibration"
"7660","ros navigation motion-planning coverage"
"7662","quadcopter"
"7664","electronics actuator"
"7666","mobile-robot localization kalman-filter"
"7670","kinect"
"7671","kinect cameras stereo-vision"
"7672","power battery roomba"
"7678","battery"
"7680","arduino"
"7682","mobile-robot robotic-arm"
"7685","raspberry-pi stepper-motor"
"7691","simulator"
"7694","robotic-arm"
"7698","brushless-motor electronics esc"
"7703","pid embedded-systems"
"7705","mobile-robot algorithm particle-filter probability"
"7708","design electronics actuator"
"7710","mobile-robot multi-agent swarm"
"7712","irobot-create roomba"
"7718","slam kalman-filter"
"7720","quadcopter"
"7722","control automatic rocket"
"7723","matlab simulation"
"7724","joint"
"7728","ros software programming-languages dynamics gazebo"
"7729","computer-vision simulator research simulation gazebo"
"7731","robotic-arm industrial-robot"
"7735","quadcopter battery"
"7737","motor stability laser"
"7739","arduino mobile-robot localization motion-planning mapping"
"7741","kinematics simulator dynamics"
"7757","control software"
"7760","robotic-arm c++"
"7763","robotic-arm kinematics calibration dh-parameters"
"7764","quadcopter"
"7765","battery"
"7766","arduino motor esc microcontroller"
"7772","raspberry-pi esc"
"7774","arduino kalman-filter automatic probability"
"7778","motor"
"7781","control actuator stability legged"
"7782","mobile-robot localization slam mapping rangefinder"
"7786","inverse-kinematics"
"7790","motor pid pwm"
"7791","quadcopter brushless-motor esc"
"7794","wheeled-robot"
"7795","embedded-systems"
"7796","motor motion torque wheel"
"7802","mobile-robot slam ekf"
"7803","gyroscope matlab filter"
"7809","arduino beginner"
"7815","localization kalman-filter sensor-fusion gps"
"7816","quadcopter imu accelerometer uav"
"7819","control quadcopter stability"
"7823","control sensors accelerometer"
"7825","laser"
"7828","motor"
"7829","wheeled-robot"
"7831","kalman-filter"
"7832","kalman-filter cameras pose"
"7837","robotic-arm design servos"
"7838","design"
"7841","localization slam real-time"
"7850","arduino brushless-motor esc"
"7852","quadcopter"
"7853","control pid"
"7855","microcontroller"
"7860","mobile-robot irobot-create serial roomba"
"7864","stepper-motor rcservo"
"7870","sensors kalman-filter imu sensor-fusion odometry"
"7872","software simulation visual-servoing"
"7874","irobot-create"
"7877","kalman-filter"
"7879","mobile-robot"
"7881","motor quadcopter design battery actuator"
"7882","robotic-arm dh-parameters"
"7883","arduino electronics embedded-systems matlab"
"7884","simulator visual-servoing"
"7886","jacobian"
"7889","forward-kinematics"
"7894","beginner"
"7895","irobot-create"
"7896","control motor microcontroller"
"7903","control servos"
"7910","computer-vision"
"7912","irobot-create"
"7913","pid"
"7915","arduino"
"7919","quadcopter radio-control mavlink"
"7920","inverse-kinematics"
"7921","localization mapping"
"7925","sensors imu"
"7928","arduino navigation"
"7930","battery lithium-polymer"
"7937","kalman-filter ekf"
"7940","sensors research"
"7942","sensors localization navigation"
"7944","quadcopter multi-rotor uav"
"7945","motion-planning"
"7950","imu accelerometer gyroscope magnetometer"
"7953","kinematics calibration"
"7954","mobile-robot mechanism"
"7959","pid line-following avr tuning"
"7964","quadcopter"
"7966","quadcopter slam"
"7968","quadcopter pid balance"
"7969","mobile-robot rcservo"
"7970","irobot-create"
"7972","sensors microcontroller design electronics laser"
"7983","untagged"
"7992","control sensors localization ros cameras"
"7993","wireless"
"7995","cameras 3d-reconstruction"
"7997","servos quadrature-encoder"
"7998","robotic-arm industrial-robot"
"8001","irobot-create"
"8006","quadcopter pid"
"8008","control algorithm matlab visual-servoing"
"8014","arduino mobile-robot raspberry-pi"
"8018","quadcopter"
"8019","slam"
"8024","control pid stability"
"8027","kalman-filter"
"8028","artificial-intelligence embedded-systems first-robotics"
"8033","control simulation"
"8038","pid raspberry-pi quadcopter"
"8043","kinematics dh-parameters"
"8044","force"
"8045","frame"
"8047","quadcopter pid"
"8050","raspberry-pi irobot-create serial roomba"
"8051","driver"
"8053","kinematics frame"
"8054","motor"
"8056","motor design balance"
"8058","mobile-robot control motion-planning line-following"
"8062","sensors"
"8065","kalman-filter sensor-fusion gps"
"8077","mobile-robot kinematics imu navigation matlab"
"8080","roomba"
"8082","arduino wifi"
"8087","arduino esc"
"8094","control"
"8096","design communication matlab c++"
"8100","legged"
"8103","arduino rcservo"
"8104","rcservo"
"8106","mobile-robot sensors localization"
"8107","kalman-filter"
"8108","arduino brushless-motor esc pwm"
"8111","control pid"
"8112","irobot-create"
"8116","slam cameras 3d-reconstruction"
"8118","imu navigation"
"8120","automatic"
"8122","electronics power battery"
"8124","control automation"
"8127","arduino esc"
"8128","motor quadcopter brushless-motor electronics power"
"8129","walk"
"8130","motion-planning"
"8133","computer-vision"
"8134","cameras laser 3d-reconstruction 3d-model"
"8140","mobile-robot sensors nxt"
"8142","movement wheel two-wheeled"
"8144","mobile-robot battery"
"8146","slam servos laser rangefinder"
"8150","magnetometer orientation"
"8152","quadcopter pid balance"
"8153","c++"
"8160","arduino quadcopter ardupilot"
"8162","battery bec"
"8165","opencv statistics"
"8168","quadcopter pid"
"8171","mobile-robot robotic-arm kinematics inverse-kinematics jacobian"
"8181","mobile-robot rcservo"
"8182","mobile-robot computer-vision algorithm beagle-bone first-robotics"
"8184","industrial-robot"
"8186","line-following magnetometer"
"8187","robotic-arm ros motion-planning c++"
"8188","mobile-robot irobot-create roomba"
"8191","motion-planning"
"8194","quadcopter"
"8196","ros cameras calibration"
"8199","mechanism"
"8202","mobile-robot slam kalman-filter ekf"
"8204","robotic-arm"
"8207","quadcopter pid stability"
"8209","industrial-robot"
"8212","ros simulation underwater"
"8213","arduino control pid wheeled-robot"
"8220","control sensors imu sensor-fusion"
"8222","kalman-filter"
"8223","ros pose"
"8225","computer-vision"
"8226","mobile-robot motor wheeled-robot"
"8228","arduino quadcopter"
"8229","stepper-motor arm"
"8231","arduino quadcopter pid"
"8234","arduino quadcopter"
"8239","sensor-fusion uav embedded-systems"
"8241","actuator industrial-robot cnc"
"8244","sensors ros rangefinder linux"
"8245","sensors localization imu calibration"
"8247","mobile-robot imu gyroscope"
"8250","imu gyroscope frame"
"8255","kalman-filter wheeled-robot odometry"
"8261","robotic-arm"
"8262","computer-vision cameras"
"8271","motor"
"8272","mobile-robot robotic-arm ros motion-planning"
"8273","sensors balance"
"8276","control robotic-arm servomotor dynamics torque"
"8277","control design mechanism joint"
"8279","sensors gyroscope"
"8286","arduino usb"
"8288","motor"
"8289","control sensors stepper-motor"
"8292","control simulator uav matlab simulation"
"8293","wheeled-robot mapping line-following"
"8294","mobile-robot odometry simulation"
"8296","ros matlab gazebo"
"8302","mobile-robot motion-planning humanoid"
"8310","arduino robotic-arm stepper-motor rcservo torque"
"8313","mobile-robot control"
"8319","quadcopter gyroscope filter"
"8322","automatic automation"
"8327","robotic-arm sensor-fusion"
"8329","sensors imu matlab noise filter"
"8331","robotic-arm beginner first-robotics"
"8333","control stability"
"8337","robotic-arm programming-languages"
"8340","quadcopter"
"8343","irobot-create"
"8345","battery multi-rotor"
"8348","microcontroller"
"8350","robotic-arm design actuator"
"8354","quadcopter pid"
"8356","arduino motor"
"8357","line-following"
"8361","robotic-arm jacobian force-sensor"
"8363","irobot-create"
"8365","microcontroller"
"8367","quadcopter"
"8368","dh-parameters"
"8369","irobot-create"
"8371","power"
"8372","dh-parameters"
"8375","arduino raspberry-pi first-robotics"
"8376","quadcopter"
"8378","dynamics torque visual-servoing"
"8382","arduino stepper-motor"
"8387","manipulator"
"8389","inverse-kinematics python joint jacobian"
"8391","sensors wheeled-robot industrial-robot"
"8394","imu accelerometer gyroscope"
"8399","arduino"
"8400","localization computer-vision kinect cameras gazebo"
"8403","mechanism cameras"
"8406","opencv"
"8407","quadcopter"
"8411","joint jacobian"
"8417","dynamixel"
"8418","sensors movement pose first-robotics"
"8419","kinematics inverse-kinematics matlab python jacobian"
"8420","servos servomotor"
"8421","motor raspberry-pi"
"8425","quadcopter dynamics"
"8426","robotic-arm inverse-kinematics forward-kinematics"
"8427","quadcopter battery lithium-polymer"
"8428","stepper-motor"
"8432","slam ros"
"8438","mobile-robot"
"8443","irobot-create"
"8444","irobot-create roomba digital-audio"
"8448","control pid raspberry-pi quadcopter beginner"
"8450","brushless-motor"
"8451","arduino mechanism"
"8452","arduino"
"8455","sensors"
"8457","design irobot-create"
"8461","arduino electronics actuator"
"8462","motor design microcontroller automation"
"8463","mobile-robot"
"8466","quadcopter power humanoid"
"8470","ros ugv platform"
"8471","mobile-robot design dynamics matlab simulation"
"8474","kinematics"
"8475","motor microcontroller current"
"8480","control"
"8483","power servos servomotor arm"
"8486","quadcopter"
"8487","mobile-robot irobot-create"
"8491","robotic-arm kinematics geometry"
"8499","mapping visual-servoing"
"8500","inverse-kinematics forward-kinematics jacobian"
"8501","mechanism motion-planning servomotor legged gearing"
"8510","slam lidar"
"8511","robotic-arm"
"8512","motor"
"8516","kinematics forward-kinematics dh-parameters"
"8519","industrial-robot"
"8522","design mechanism software simulator 3d-model"
"8525","control imu accelerometer gyroscope"
"8526","motor usb"
"8527","brushless-motor"
"8538","quadcopter"
"8539","motor microcontroller stepper-motor pwm stepper-driver"
"8544","control"
"8546","robotic-arm localization slam kinect gazebo"
"8549","kinematics forward-kinematics dh-parameters"
"8555","control algorithm"
"8556","arduino motor pid line-following"
"8559","mobile-robot"
"8561","design mechanism 3d-printing 3d-model visualization"
"8562","mobile-robot stability humanoid"
"8565","kinematics forward-kinematics"
"8570","wheeled-robot navigation"
"8575","control pid robotic-arm"
"8579","motor pid pwm"
"8580","arduino power"
"8585","ros kinect"
"8586","mobile-robot control wheeled-robot"
"8590","mobile-robot first-robotics"
"8592","inverse-kinematics orientation"
"8595","slam occupancygrid"
"8596","control balance distributed-systems"
"8598","mechanism"
"8600","ros kinect"
"8601","pid"
"8605","battery"
"8607","kalman-filter imu sensor-fusion gps"
"8611","software research"
"8612","robotic-arm first-robotics"
"8617","control stability machine-learning"
"8618","arduino c++ c"
"8621","kinematics forward-kinematics orientation"
"8631","sensors imu sensor-fusion"
"8636","pid"
"8642","sensors calibration orientation"
"8644","control software"
"8654","motion-planning inverse-kinematics motion jacobian"
"8657","quadcopter pid sensor-fusion tuning filter"
"8661","dynamics matlab torque"
"8663","nxt mindstorms"
"8665","sensors line-following"
"8667","inverse-kinematics visual-servoing"
"8670","arduino robotic-arm inverse-kinematics machine-learning"
"8671","soccer"
"8673","automation"
"8680","accelerometer algorithm"
"8684","wheeled-robot"
"8686","power irobot-create serial"
"8689","quadcopter brushless-motor battery lithium-polymer"
"8692","quadcopter brushless-motor"
"8693","arduino kinematics odometry differential-drive"
"8698","arduino quadcopter esc"
"8700","inverse-kinematics c++"
"8702","mobile-robot"
"8703","gps uav radio-control"
"8704","pid quadcopter"
"8705","mobile-robot"
"8709","inverse-kinematics motion-planning planning rrt"
"8710","ros raspberry-pi arm"
"8711","ros"
"8717","robotic-arm"
"8719","computer-vision artificial-intelligence"
"8720","algorithm machine-learning"
"8722","microcontroller"
"8726","arduino quadcopter sensors localization gps"
"8728","motor"
"8731","irobot-create roomba linux"
"8732","mobile-robot navigation magnetometer"
"8742","motor"
"8748","inverse-kinematics geometry"
"8749","control"
"8751","kalman-filter pose"
"8752","robotic-arm"
"8757","slam"
"8758","mobile-robot"
"8761","mobile-robot automatic dynamic-programming"
"8763","irobot-create"
"8765","mobile-robot"
"8768","motor linear-bearing tracks"
"8775","mechanism torque gearing"
"8779","arduino stepper-motor"
"8785","irobot-create"
"8786","battery lithium-polymer"
"8787","mobile-robot raspberry-pi power battery walking-robot"
"8797","motor torque gearing"
"8804","quadcopter"
"8807","motor mechanism gearing"
"8810","simulator gazebo"
"8811","quadcopter"
"8816","irobot-create electronics navigation roomba"
"8818","kinematics navigation tracks orientation"
"8820","arduino wheeled-robot brushless-motor"
"8822","mechanism orientation"
"8823","power battery"
"8831","joint"
"8833","mobile-robot control power"
"8835","inverse-kinematics jacobian"
"8840","stepper-motor radio-control circuit"
"8842","navigation gps precise-positioning"
"8844","motor h-bridge"
"8845","actuator valve"
"8849","control pid quadcopter tuning opencv"
"8852","battery multi-rotor"
"8855","sensors hexapod"
"8857","imu gps"
"8860","sensors imu gyroscope sensor-fusion statistics"
"8863","gps"
"8866","mobile-robot ros navigation odometry gazebo"
"8874","mobile-robot control mechanism"
"8877","quadcopter pid multi-rotor"
"8879","quadcopter motor brushless-motor"
"8882","motion-planning"
"8883","robotic-arm mechanism electronics movement"
"8887","mobile-robot humanoid"
"8888","raspberry-pi quadcopter"
"8891","quadcopter pid"
"8893","simulator joint gazebo"
"8894","mechanism 3d-printing"
"8895","control quadcopter pid raspberry-pi stability"
"8900","slam computer-vision"
"8902","imu matlab"
"8906","quadcopter battery"
"8907","inverse-kinematics"
"8909","microcontroller line-following avr"
"8910","mobile-robot stereo-vision 3d-reconstruction"
"8911","mobile-robot kinematics wheeled-robot differential-drive two-wheeled"
"8916","quadcopter pid raspberry-pi sensor-fusion c++"
"8917","raspberry-pi matlab"
"8918","motion-planning"
"8930","dh-parameters"
"8931","mobile-robot imu odometry"
"8934","embedded-systems humanoid"
"8935","mobile-robot ros navigation simulation gazebo"
"8938","sensors irobot-create"
"8940","jacobian manipulator product-of-exponentials"
"8941","localization imu accelerometer gyroscope algorithm"
"8946","dh-parameters"
"8949","control motor"
"8950","arduino wheel two-wheeled interrupts"
"8951","quadcopter raspberry-pi communication"
"8954","arduino robotic-arm stepper-driver"
"8960","control robotic-arm joint"
"8962","irobot-create"
"8965","raspberry-pi quadcopter uav"
"8968","motor torque"
"8970","ros alljoyn"
"8973","localization ros computer-vision algorithm uav"
"8975","quadcopter sensors sensor-fusion"
"8976","irobot-create"
"8981","irobot-create serial usb"
"8987","slam ros navigation mapping simulation"
"8988","quadcopter motor"
"8990","differential-drive"
"8992","slam"
"8994","tracks gearing chassis"
"8998","control quadcopter pid raspberry-pi stability"
"9001","control motor wheeled-robot raspberry-pi"
"9007","stepper-motor"
"9009","mobile-robot usb"
"9010","computer-vision cameras calibration"
"9013","kinematics"
"9020","computer-vision real-time"
"9022","quadcopter pid imu accelerometer"
"9023","imu gyroscope magnetometer orientation"
"9025","3d-printing"
"9027","control sensors accelerometer dynamics walking-robot"
"9033","mechanism joint arm"
"9034","accelerometer gyroscope"
"9038","robotic-arm motion-planning"
"9039","wheeled-robot robotc vex"
"9040","mechanism torque gearing"
"9043","software first-robotics"
"9044","ros irobot-create roomba"
"9048","wheeled-robot raspberry-pi"
"9052","control microcontroller pwm beagle-bone"
"9054","robotic-arm dynamics"
"9057","mechanism torque gearing"
"9063","irobot-create roomba"
"9069","quadcopter cameras"
"9073","mobile-robot localization precise-positioning"
"9074","microcontroller ros real-time"
"9077","pid raspberry-pi quadcopter tuning"
"9082","dynamics balance"
"9090","radio-control"
"9096","slam pose"
"9097","microcontroller stepper-motor servomotor"
"9099","algorithm industrial-robot joint"
"9100","mobile-robot inverse-kinematics humanoid balance"
"9103","serial communication"
"9105","quadcopter sensors sensor-fusion"
"9106","untagged"
"9111","arduino raspberry-pi"
"9114","motor torque"
"9115","design two-wheeled"
"9119","irobot-create"
"9124","stepper-motor"
"9129","slam errors"
"9130","wheeled-robot kalman-filter ekf pose"
"9132","robotic-arm dh-parameters"
"9135","arduino motor protection"
"9139","mobile-robot irobot-create labview"
"9143","motion-planning rrt"
"9144","arduino wheeled-robot calibration two-wheeled"
"9145","kinematics inverse-kinematics algorithm dynamics books"
"9152","inverse-kinematics calibration"
"9155","matlab"
"9157","sensors hall-sensor"
"9159","localization wheeled-robot imu ekf odometry"
"9161","compass automation"
"9163","vex"
"9167","robotic-arm motion-planning python"
"9168","mobile-robot quadcopter motion-planning"
"9169","control quadcopter pid stability tuning"
"9171","localization wheeled-robot ekf odometry differential-drive"
"9174","sensors"
"9175","servos 3d-printing"
"9180","mapping exploration information-gain"
"9183","slam ekf"
"9185","ultrasonic-sensors"
"9186","control"
"9187","ultrasonic-sensors"
"9194","mobile-robot quadcopter power"
"9195","mobile-robot ros navigation odometry gazebo"
"9200","motion-planning python planning"
"9203","algorithm stability"
"9206","irobot-create"
"9210","mobile-robot quadcopter motion-planning"
"9214","cameras"
"9218","interrupts"
"9225","robotic-arm"
"9226","quadcopter dynamics"
"9227","quadcopter power"
"9228","robotic-arm inverse-kinematics"
"9232","arduino microcontroller gyroscope i2c interrupts"
"9233","kalman-filter"
"9234","sensors cameras"
"9236","python"
"9239","control robotic-arm manipulator"
"9240","robotic-arm simulation"
"9241","matlab robotc"
"9243","control"
"9244","ros"
"9246","robotic-arm matlab simulation c"
"9250","quadcopter pid stability"
"9254","arduino quadcopter esc"
"9256","motor design"
"9260","ros raspberry-pi electronics"
"9262","ros gazebo"
"9263","kinematics"
"9265","ros gazebo"
"9267","algorithm geometry"
"9269","quadcopter cameras opencv"
"9274","motion-planning"
"9276","navigation algorithm theory coverage"
"9277","localization cameras motion-planning visual-servoing exploration"
"9280","inverse-kinematics"
"9282","mobile-robot power battery"
"9290","arduino motor"
"9294","battery"
"9296","control pid"
"9297","kinematics"
"9298","robotic-arm servomotor"
"9301","ekf"
"9302","motor kinematics servomotor simulation"
"9303","quadcopter pid stability real-time sonar"
"9305","arduino irobot-create battery"
"9312","robotic-arm kuka"
"9313","computer-vision machine-learning opencv"
"9318","mobile-robot localization slam navigation mapping"
"9320","mobile-robot quadcopter motion-planning planning rrt"
"9321","localization slam navigation ekf mapping"
"9323","joint"
"9324","quadcopter pid stability real-time sonar"
"9327","control computer-vision quadcopter uav visual-servoing"
"9334","quadcopter"
"9336","robotic-arm inverse-kinematics jacobian"
"9337","mobile-robot motion-planning algorithm"
"9341","mobile-robot simulator stereo-vision"
"9342","communication"
"9344","odometry geometry"
"9346","robotic-arm matlab"
"9349","mobile-robot motion-planning servos"
"9351","automation"
"9353","arduino quadcopter brushless-motor esc"
"9355","mobile-robot kinematics dynamics"
"9365","kinematics"
"9367","mobile-robot motor"
"9370","wheeled-robot"
"9371","irobot-create"
"9372","mobile-robot quadcopter slam opencv"
"9373","mobile-robot motion-planning algorithm rrt"
"9374","sensors robotic-arm servomotor"
"9377","sensors matlab simulator real-time"
"9380","slam"
"9381","quadcopter pid"
"9382","mechanism manufacturing books"
"9383","pid robotic-arm line-following"
"9384","pid algorithm"
"9386","mobile-robot kinematics matlab geometry"
"9388","robotic-arm"
"9391","slam"
"9395","robotic-arm industrial-robot kuka"
"9397","quadcopter navigation accelerometer"
"9400","actuator reliability"
"9403","slam"
"9405","pid robotc vex"
"9409","mobile-robot magnetometer"
"9413","robotic-arm motion-planning algorithm"
"9417","mobile-robot motor power battery lithium-polymer"
"9420","quadcopter pid"
"9429","quadcopter uav"
"9434","slam imu data-association"
"9435","software"
"9436","robotic-arm inverse-kinematics"
"9437","pid power servomotor joint gazebo"
"9441","mobile-robot irobot-create serial"
"9443","motion-planning algorithm"
"9445","robotic-arm raspberry-pi"
"9447","programming-languages c"
"9454","mechanism"
"9456","quadcopter control pid raspberry-pi sensor-fusion"
"9459","sensors communication first-robotics speech-processing"
"9463","quadcopter pid ardupilot logic-control"
"9472","control theory"
"9476","microcontroller radio-control"
"9482","mechanism"
"9488","control pid microcontroller uav stability"
"9491","irobot-create"
"9495","irobot-create"
"9500","ardupilot"
"9502","gyroscope"
"9505","control dynamics robotc"
"9508","control pid robotic-arm design actuator"
"9512","motor driver"
"9518","cameras"
"9521","mobile-robot robotic-arm wheeled-robot motion-planning algorithm"
"9523","microcontroller electronics machine-learning embedded-systems"
"9532","quadcopter"
"9535","arm manipulator"
"9536","mobile-robot control robotic-arm wheeled-robot motion-planning"
"9538","mobile-robot control robotic-arm wheeled-robot motion-planning"
"9542","mobile-robot control robotic-arm motion-planning"
"9544","irobot-create"
"9545","mobile-robot localization slam computer-vision mapping"
"9547","quadcopter control"
"9552","mobile-robot control robotic-arm motion-planning"
"9553","arduino sensors microcontroller"
"9554","quadcopter control pid imu pwm"
"9555","irobot-create"
"9565","mobile-robot arduino"
"9568","motor"
"9569","robotic-arm matlab simulation"
"9571","pid simulation gazebo humanoid dynamixel"
"9572","quadcopter control"
"9578","irobot-create roomba"
"9580","ultrasonic-sensors"
"9583","servomotor rcservo steering brake"
"9590","ros"
"9592","mobile-robot control robotic-arm motion-planning algorithm"
"9593","mobile-robot sensors odometry encoding rotation"
"9597","robotic-arm inverse-kinematics rotation"
"9600","kinematics inverse-kinematics"
"9602","mobile-robot control robotic-arm motion-planning algorithm"
"9604","quadcopter gps magnetometer"
"9608","quadcopter kalman-filter"
"9609","inverse-kinematics geometry rotation"
"9615","robotic-arm inverse-kinematics"
"9616","brushless-motor"
"9619","robotic-arm inverse-kinematics"
"9620","mobile-robot navigation"
"9621","mobile-robot electronics engine electric propulsion"
"9622","robotic-arm kinematics inverse-kinematics"
"9625","localization filter"
"9629","quadcopter control pid raspberry-pi stability"
"9636","mobile-robot kalman-filter compass"
"9637","arduino"
"9640","irobot-create roomba"
"9642","dynamics movement"
"9646","forward-kinematics dh-parameters"
"9647","quadcopter arduino raspberry-pi battery"
"9652","raspberry-pi rcservo"
"9654","mobile-robot"
"9657","dynamics matlab"
"9659","simulation joint force"
"9662","robotic-arm inverse-kinematics industrial-robot c++"
"9668","laser lidar"
"9669","actuator motion"
"9673","control irobot-create roomba"
"9675","mobile-robot arduino localization microcontroller"
"9677","matlab industrial-robot simulation kuka"
"9680","ros"
"9682","servos walking-robot dynamixel"
"9683","design wheel"
"9684","irobot-create"
"9686","robotic-arm inverse-kinematics stereo-vision"
"9691","robotic-arm rotation"
"9696","quadcopter motion-planning stereo-vision vector-field-histogram vfh"
"9697","localization kinematics geometry"
"9700","inverse-kinematics c++"
"9701","arduino raspberry-pi navigation steering"
"9702","computer-vision stereo-vision"
"9704","servomotor dynamics"
"9709","arduino battery rcservo"
"9711","navigation routing"
"9716","microcontroller"
"9720","wheeled-robot dynamics motion robotc"
"9724","control robotic-arm dynamics matlab input"
"9727","localization"
"9728","arduino motor line-following"
"9729","manipulator theory"
"9738","quadcopter"
"9739","quadcopter pid gyroscope"
"9741","kinematics jacobian"
"9751","sensors accelerometer gps"
"9752","ros"
"9754","quadcopter radio-control research"
"9755","quadcopter sensors localization integration dead-reckoning"
"9756","motion pose"
"9770","mobile-robot kinematics matlab geometry"
"9772","robotic-arm inverse-kinematics"
"9776","robotic-arm inverse-kinematics c++"
"9783","computer-vision cameras 3d-reconstruction"
"9786","pid wheeled-robot differential-drive"
"9797","irobot-create roomba"
"9798","quadcopter"
"9801","low-latency laptop"
"9802","localization software gps gnss hardware"
"9803","communication c++ c"
"9819","quadcopter"
"9822","ros python"
"9825","quadcopter control pid"
"9826","wheel walking-robot"
"9828","brushless-motor esc radio-control"
"9832","humanoid"
"9839","robotic-arm raspberry-pi stepper-motor industrial-robot automation"
"9840","mobile-robot"
"9842","mobile-robot motion-planning geometry"
"9845","robotic-arm"
"9848","robotic-arm motion-planning algorithm"
"9850","quadcopter control uav glider"
"9851","slam"
"9852","quadcopter motion-planning vfh"
"9853","robotic-arm"
"9856","robotic-arm stereo-vision"
"9863","mobile-robot motion-planning matlab"
"9870","quadcopter calibration"
"9871","kinematics matlab visualization"
"9876","quadcopter battery esc connector"
"9882","sensors imu calibration"
"9890","irobot-create software roomba"
"9891","irobot-create"
"9892","mobile-robot control irobot-create mrds"
"9893","robotic-arm kinematics inverse-kinematics jacobian manipulator"
"9894","imu accelerometer precise-positioning"
"9895","quadcopter motion-planning uav"
"9899","mobile-robot motion-planning mapping c++ vfh"
"9904","robotic-arm kinematics inverse-kinematics jacobian"
"9916","slam odometry pose"
"9918","motor battery"
"9923","quadcopter c++ ardupilot mavlink"
"9925","mobile-robot motion-planning vfh path-planning"
"9926","slam ekf jacobian"
"9927","slam"
"9932","c++ interrupts"
"9935","quadcopter wheeled-robot brushless-motor stepper-motor"
"9936","mobile-robot matlab path-planning"
"9937","irobot-create roomba"
"9941","motor battery"
"9946","quadcopter control pid raspberry-pi stability"
"9947","quadcopter control microcontroller computer-vision"
"9951","robotic-arm actuator dynamics torque"
"9953","kalman-filter"
"9954","force-sensor kuka"
"9955","kinematics walking-robot"
"9956","slam ekf"
"9962","mobile-robot localization"
"9963","localization kinematics"
"9965","design software manufacturing chassis hardware"
"9967","control microcontroller torque"
"9969","sensors hall-sensor"
"9971","irobot-create serial"
"9972","irobot-create"
"9978","motor battery current"
"9985","localization slam kinect"
"9986","motor design wheeled-robot torque"
"9987","arm linux"
"9988","sensors accelerometer"
"9994","arduino motor ultrasonic-sensors"
"10002","wheeled-robot matlab simulation"
"10003","arduino wheeled-robot"
"10004","robotic-arm inverse-kinematics"
"10006","arduino slam ros beginner ultrasonic-sensors"
"10007","cameras visual-servoing filter"
"10011","mobile-robot sensors accelerometer gyroscope"
"10014","design"
"10018","kalman-filter odometry"
"10019","mobile-robot arduino control gyroscope"
"10023","robotic-arm simulator simulation"
"10026","wireless"
"10029","robotic-arm dynamics"
"10033","quadcopter arduino raspberry-pi"
"10034","mobile-robot"
"10035","differential-drive"
"10040","sensors accelerometer rotation"
"10045","imu"
"10048","motor mechanism servos"
"10049","slam particle-filter"
"10050","slam"
"10052","control kinematics dynamics roboti-arm"
"10053","mapping gazebo occupancygrid"
"10056","robotic-arm raspberry-pi servomotor python"
"10059","multi-rotor"
"10060","mobile-robot motor gearing"
"10063","kinematics inverse-kinematics actuator manipulator 3d-printing"
"10070","design mechanism tracks"
"10072","control motor robotic-arm microcontroller machine-learning"
"10076","vex"
"10077","industrial-robot"
"10087","robotic-arm motion-planning jacobian"
"10088","quadcopter arduino raspberry-pi radio-control"
"10089","sensors stability"
"10092","quadcopter arduino raspberry-pi"
"10096","arduino power lithium-polymer"
"10098","cameras mapping 3d-reconstruction opencv"
"10099","quadcopter cameras"
"10101","arduino ultrasonic-sensors"
"10103","computer-vision"
"10106","irobot-create"
"10110","arduino accelerometer gyroscope visualization"
"10115","mobile-robot slam odometry movement"
"10117","programming-languages"
"10118","motor robotic-arm torque manipulator"
"10119","control pid automation"
"10125","robotic-arm stepper-motor actuator"
"10127","pid"
"10129","quadcopter ardupilot mavlink"
"10130","arduino sensors force-sensor"
"10132","stepper-motor"
"10136","control motor irobot-create"
"10148","untagged"
"10150","gazebo"
"10153","quadcopter communication ardupilot mavlink"
"10154","quadcopter arduino brushless-motor esc"
"10159","arduino irobot-create"
"10167","arduino ardupilot i2c"
"10169","ros linux"
"10172","arduino ultrasonic-sensors"
"10178","arduino microcontroller"
"10187","pid"
"10190","force-sensor"
"10192","irobot-create roomba"
"10193","mobile-robot"
"10195","quadcopter arduino raspberry-pi"
"10196","quadcopter pid stability"
"10200","arduino sensors irobot-create"
"10202","microcontroller servos"
"10210","quadcopter arduino pid esc"
"10213","mobile-robot slam computer-vision stereo-vision"
"10215","control electronics"
"10220","quadcopter raspberry-pi"
"10221","kalman-filter accelerometer ekf"
"10224","slam ekf lidar ransac"
"10227","pid line-following steering"
"10229","motor line-following"
"10233","accelerometer simulation"
"10237","arduino motor raspberry-pi battery"
"10239","ultrasonic-sensors"
"10241","quadcopter arduino raspberry-pi uav avr"
"10247","cnc"
"10248","magnetometer compass"
"10249","control geometry reference-request"
"10252","control motion-planning algorithm"
"10253","motor servos steering"
"10256","robotic-arm dynamics torque simulation manipulator"
"10259","raspberry-pi wheeled-robot"
"10265","quadcopter"
"10267","robotic-arm motion-planning path-planning"
"10272","computer-vision stereo-vision c++ opencv"
"10277","irobot-create"
"10284","brushless-motor"
"10285","stepper-motor"
"10286","motor"
"10294","sensors lidar rangefinder"
"10295","ros c++ opencv"
"10296","ros"
"10297","arduino"
"10301","mobile-robot"
"10312","computer-vision cameras stereo-vision"
"10314","robotic-arm torque"
"10322","inverse-kinematics"
"10324","mobile-robot"
"10325","motor power torque engine"
"10326","mobile-robot slam irobot-create"
"10330","mobile-robot localization imu accelerometer gyroscope"
"10334","mobile-robot irobot-create"
"10335","slam laser rangefinder"
"10348","sensor-fusion"
"10350","differential-drive"
"10357","quadcopter mobile-robot control pid stability"
"10367","battery lithium-polymer"
"10369","imu sensor-fusion magnetometer"
"10371","localization slam mapping"
"10377","motor raspberry-pi odometry"
"10378","wheeled-robot imu sensor-fusion"
"10379","quadcopter battery"
"10382","kalman-filter imu sensor-fusion odometry"
"10383","mobile-robot irobot-create mrds"
"10387","quadcopter software radio-control wireless"
"10388","ros dynamics gazebo"
"10392","mobile-robot"
"10394","mobile-robot motor"
"10404","mobile-robot localization particle-filter probability"
"10407","localization algorithm particle-filter"
"10408","localization particle-filter"
"10415","robotic-arm kinematics"
"10416","sensors industrial-robot"
"10425","sensors"
"10426","arduino microcontroller uav"
"10427","sensors sensor-error precise-positioning"
"10429","slam 3d-reconstruction"
"10436","ros raspberry-pi"
"10438","irobot-create"
"10443","sensors stereo-vision"
"10445","irobot-create"
"10447","ros irobot-create"
"10450","kalman-filter gps"
"10454","motion-planning algorithm machine-learning"
"10455","irobot-create roomba"
"10461","arduino power"
"10462","mechanism arm"
"10463","machine-learning"
"10467","irobot-create python"
"10468","inverse-kinematics"
"10469","localization"
"10471","theory cloud"
"10472","irobot-create"
"10474","kalman-filter odometry noise"
"10479","kalman-filter gps"
"10484","kinematics dynamics"
"10486","robotic-arm inverse-kinematics c++"
"10487","motor electric"
"10490","power"
"10491","mobile-robot control"
"10492","robotic-arm"
"10502","arduino motor electronics"
"10503","motor power electric"
"10504","kalman-filter imu calibration magnetometer precise-positioning"
"10505","localization slam visualization"
"10507","inverse-kinematics dh-parameters 3d-model"
"10508","servos"
"10511","control kalman-filter imu calibration precise-positioning"
"10514","3d-model"
"10515","localization"
"10516","ros"
"10517","motor robotic-arm stepper-motor servos torque"
"10519","walking-robot"
"10520","slam computer-vision stereo-vision"
"10521","mobile-robot tracks"
"10523","localization lidar precise-positioning"
"10525","sensors imu rotation"
"10527","computer-vision automation"
"10533","arduino"
"10536","quadcopter microcontroller"
"10537","localization slam lidar"
"10544","mobile-robot"
"10546","wheeled-robot"
"10547","real-time digital-audio"
"10549","motor raspberry-pi power"
"10554","motor"
"10555","quadcopter sensors accelerometer"
"10556","motor quadrature-encoder"
"10561","quadcopter accelerometer gyroscope"
"10562","mobile-robot torque gearing"
"10567","inverse-kinematics c++ forward-kinematics"
"10568","motor robotic-arm actuator torque"
"10573","microcontroller electronics"
"10580","arduino raspberry-pi embedded-systems first-robotics linux"
"10581","slam ekf first-robotics"
"10584","wireless"
